#chrom	pos	type	variant_type	genotype	DP	BAF
chr1	817514	TP	SNV	hom	125	0.352
chr1	827209	TP	SNV	hom	188	0.058510638297872286
chr1	827212	TP	SNV	hom	184	0.05434782608695654
chr1	827221	TP	SNV	hom	172	0.05232558139534882
chr1	827252	TP	SNV	hom	194	0.04123711340206182
chr1	873542	TP	SNV	hom	137	0.0
chr1	873548	TP	SNV	hom	136	0.0
chr1	924533	TP	SNV	hom	150	0.0
chr1	925081	TP	SNV	hom	183	0.0
chr1	925141	TP	SNV	hom	178	0.0
chr1	942451	TP	SNV	hom	97	0.0
chr1	944296	TP	SNV	hom	69	0.0
chr1	944307	TP	SNV	hom	64	0.0
chr1	946247	TP	SNV	hom	94	0.010638297872340385
chr1	948519	TP	SNV	het	93	0.016129032258064502
chr1	952421	TP	SNV	hom	94	0.0
chr1	953259	TP	SNV	hom	100	0.0
chr1	953279	TP	SNV	hom	83	0.0
chr1	961945	TP	SNV	hom	84	0.0
chr1	974039	TP	SNV	het	79	0.03164556962025317
chr1	976215	TP	SNV	hom	92	0.0
chr1	978953	TP	SNV	het	133	0.07142857142857145
chr1	979034	TP	INDEL	het	113	0.004424778761061954
chr1	979472	TP	SNV	het	129	0.01937984496124029
chr1	979496	TP	SNV	hom	118	0.0
chr1	979560	TP	SNV	het	117	0.02991452991452992
chr1	979847	TP	SNV	hom	59	0.0
chr1	981169	TP	SNV	het	112	0.0267857142857143
chr1	981210	TP	SNV	het	103	0.014563106796116498
chr1	999842	TP	SNV	het	228	0.017543859649122806
chr1	1013490	TP	SNV	hom	106	0.0
chr1	1013541	TP	SNV	hom	129	0.0
chr1	1013549	TP	INDEL	het	127	0.035433070866141725
chr1	14653	FP	SNV	hom	201	0.5074626865671642
chr1	14907	FP	SNV	hom	288	0.14930555555555558
chr1	14930	FP	SNV	hom	299	0.09030100334448166
chr1	15903	FP	INDEL	hom	11	0.0
chr1	15906	FP	SNV	hom	9	0.0
chr1	135982	FP	SNV	hom	99	0.41414141414141414
chr1	137622	FP	SNV	hom	389	0.5552699228791773
chr1	137825	FP	SNV	het	317	0.17507886435331232
chr1	139781	FP	SNV	hom	47	0.021276595744680882
chr1	632834	FP	SNV	het	114	0.15789473684210525
chr1	726821	FP	SNV	hom	281	0.8113879003558719
chr1	727717	FP	SNV	hom	231	0.07359307359307354
chr1	729454	FP	SNV	hom	79	0.20253164556962022
chr1	826893	FP	SNV	hom	145	0.0
chr1	976669	FP	SNV	het	126	0.007936507936507908
