#type	TP	FN	FP	Recall	Precision	F1_Score
INDEL	2	0	1	1.0	0.666667	0.8
SNV	31	0	14	1.0	0.6888890000000001	0.815789
